model,regresorler,MAE,MAPE,RMSE
M0_sadece_konut,yok,2.652658500158386,1.4503747554100748,3.1228968679818774
M6_insaat_maliyet,insaat_maliyet,1.8686333096852958,1.0246152245500997,2.282558128035899
M7_maliyet_enflasyon,"insaat_maliyet, enflasyon",2.4859436442142453,1.356951398256368,2.970647034780506
Mfull_6_kisit_6_regresor,"borsa, usd, eur, altin, enflasyon, insaat_maliyet",3.2940196993992523,1.8273330878419785,3.6893641886815542
